e3ligase,substrate
CBL,PDGFRA;LCK;STAT5B;KDR;EGFR;FGFR3;MET;PLCG1;KIT;FGFR1;IL6ST;ABL1;BCR;ERBB2;FGFR2;CTNNB1;PDGFRB;SYK;PIK3R1;MPL;IGF1R;EPHB1;ITGA5;VAV1;HGS;LYN;SH3KBP1;FRS2;IRF8;FGFR4;MST1R;FYN;SORBS2;NGFR;BCL2L11;F2RL1;PIK3CG;SPRY2;CSF1R;CRKL;MYCBPAP;EPHA2;IL2RG;FLT1;LRIG1;STAT5A;SRC;STAP2;EPHA8;CD5;NFATC1;TEK;FCGR2A;SPRED2;FGR;PDGFA;ARHGEF7;YES1;CFTR;ALK
CBLC,EGFR;SRC
CBLB,EGFR;SYK;PLCG1;PIK3R1;CBLB;SH3KBP1;SRC;PIK3R2;IRS1;CD247
MDM2,HIF1A;MDM4;FOXO4;FOXO1;TERT;RB1;NFATC2;PBX1;NOTCH1;CDH1;RARA;TP53;RPL26;IGF1R;KAT2B;ARRB2;APEX1;XRCC6;PDE4D;AR;E2F1;HIPK2;EID1;KAT5;MDM2;ARC;TCAP;CREBBP;JMY;ARRB1;ADRBK1;DLG4;CDKN1A;IRS1;NOL3;RUNX3;AQP2;DAXX;MRPS7;HEXIM1;GNL3;SLC14A2;CCNE1;NUMB;RRM2B;DHFR;HIST2H2BE;RPS27A;BAIAP2L1;DYRK2;ATF3;PSMD4;IRF2;IRF1;GADD45A;PGAM2;TP73;DDX24;IER3;PBXIP1;SNAI1;DCX;H2BC21;GRK2;LLGL1;ARPC3;FOXO3;NFAT5;NR3C1;EP300;POLQ;HIPK1;ESR2;TTF1;NR0B2;ARIH2;HUWE1;FUS;PER2
VHL,HIF1A;EPAS1;USP20;USP33;HIF3A;IREB2;PRKCI;POLR2G;BHLHE40;FN1;DVL2;CLU;HNRNPD;ADRB2;HIF1AN;SKP2
SOCS1,JAK2;IRS1;RELA;LYN;IRS2;VAV1
BRCA1,FANCD2;ESR1;NPM1;AKT1;RBBP8;TUBG1;POLR2H;H2AFX;NR1H3;HIST1H2AG;HIST1H2BA;BRCA1;TOP2A;POLR2A;PGR;HIST2H2AC;CLSPN;ERCC6;HIST1H2AB;PSMA7;CCNB1;H2AC20;H2AC8;H2AX;H2AC17;H2BC1;H2AC1;BARD1;CDC25C
KEAP1,NFE2L2;IKBKB;PALB2;PGAM5;MCM3;SQSTM1
BIRC3,CASP8;BCL10;RIPK1;TRAF3;MAP3K14;KRR1;MALT1;TRAF1;TRAF6;CASP3;CASP7;DIABLO;RIPK2;RIPK3;RIPK4;PACS2;IRF1;TRAF2;IKBKE;TANK;BIRC3
FBXW7,MYC;CCNE1;MYB;MTOR;MYCN;CEBPA;TP63;DEK;HIF1A;NF1;NFKB2;CSF3R;CREB3L1;CREB3L2;JUN;NOTCH1;CCDC6;CCNE2;SREBF1;PSEN1;AURKA;SREBF2;KLF5;EBNA1BP2;MED13;MED13L;KLF2;AURKB;SREBP1;CEBPD;JUNB;KLF13;NRF1;TGIF1;NR3C1;NCOA3;PPARGC1A;TOP2A;BRAF;MCL1;RCAN1;NFE2L1;BIRC2;ASCC2;TP53;SNAI1;SOX9;SIK2;ZEB2;XBP1;CRY2;SHOC2
DDB2,XPC;HIST1H2AA;H2AC1;H2AC17;DDB2
FBXO11,TP53;BCL6;PRDM1;DTL
MAP3K1,JUN;MAPK1;FOSL2;MAPK3;DTX1
TRIM24,TP53
TRIM33,SMAD4;CTNNB1;DHX33
PPARG,MUC1;RELA
SPOP,AR;PTEN;DEK;ERG;DAXX;ESR1;BMI1;JUN;H2AFY;GLI1;NCOA3;HDAC6;SRC3;BRMS1;PDX1;GLI2;GLI3;KCNH2;MACROH2A1;PDHX;SETD2;INF2;NANOG;CDC20;BRD2;BRD4;DUSP6;TRIM24;BRD3;CCNE1;ZBTB3;ILF3;FASN;DUSP7;GLYR1;PGR
MDM4,MDM2;CDKN1A;TP53
SKP2,CDT1;CDKN1B;RBL2;CDKN1A;CDKN1C;RAG2;ELF4;CCNE1;RASSF1;TAL1;E2F1;MYC;CTNNB1;USP18;BTG2;FOXO1;PSMD9;CCND1;CDK9;TOB1;FGD1;NFKBIA;NFKBIE;MLL;SMAD4;SPDYA;SKP2;DUSP1;RB1;MYBL2;ING3;FOXO3;RND3;ESR1;CDH1;BRCA1;CCNA2;ORC1;TCF3;MEFV;PHB;BRCA2;NBN;AKT1;JAK3;SIRT3;BTRC;KMT2A;UBP43;TCF7L1;TP53;SIPA1;CDK8;NKX3-1;CARM1;NUDT1;YAP1;TWIST1;PDCD4;RRAGA;CYGB;BORA;AKT2;STK11;BCR/ABL
UBR5,TOPBP1;PAIP2;CDK9;NR1I2;PCK1;PPP2CA
LNX1,NUMB;SRC;PBK;GRIN1;KCNA4;CLDN17;GIPR;PQBP1;HTR2B;ZBTB8A;CD8A;RSL1D1
BIRC2,TRAF2;RIPK1;DIABLO;CASP3;CASP7;MXD1;IKBKG;MAD1L1;TRAF1;MAP3K14;MAP3K5;TRAF3;TRAF6;RIPK2;RIPK3;RIPK4;RAC1;PGAM5;IKBKE;PACS2;PCSK9;CSE1L;CASP8;TANK;BIRC2
PRKN,GPR37;SNCAIP;PDCD2;RANBP2;PARK7;CCNE1;AIMP2;TUBA1B;TUBB;SNCA;SIM2;LIMK1;VDAC1;ATXN3;SEPTIN5;EPS15;ZNF746;MFN1;PICK1;DNM1L;PSMD4;PINK1;IKBKG;DDIT4;UCHL1;PTPN5;HSD17B10;SQSTM1;RHOT1;CCNB1;NEK2;BCL2;SYT11;MFN2;STUB1;TOMM20;USP30;PRKN;GPR37L1;CCNE2;SYP;PLCG1;ERBB3;ERBB4;FUBP1;SH3GL2;SH3GL3;RHOT2;BAX;SEPTIN4;TARDBP;FAF1;HK1;PHGDH;TRAF6;TANK;CISD1
PJA1,MAGED1;ELF1;SMAD3;EZH2;SUZ12
AMFR,CYP3A4;HMGCR;SERPINA1;APOB;CFTR;CD3D;INSIG1;CD82;HERPUD1;SOD1;UBL4A;SERPINI1;MFN1;MFN2
STUB1,CYP3A4;ATXN1;CFTR;NOS1;MAPT;HSPA8;SMAD1;TP53;PSMD4;BAG1;ATXN3;ERBB2;SNCA;AR;RAF1;SMG5;NR3C1;AHR;STUB1;SGK1;ESR2;RUNX2;SMAD3;TAL1;NOS2;STK4;ALK;ESR1;NCOA3;SOD1;DPM1;RUNX1;DLK1;HTT;FOXO1;MAP3K12;MKKS;LRRK2;MAP3K5;NPM1;AKT1;GATA4;GUCY1A2;MST1R;HSPA4;NQO1;IRF1;HSP90AA1;PRKCZ;SRC;MYOCD;MAP3K2;ATCAY;HSF1;S100A2;S100P;FOXP3;SIRT6;EIF5A;KIAA1524;TRAF6;MAP3K11;ERN1;MCF2;PTEN;BACE1;POLB;EPHA2;CIP2A;NANOS1;NANOS2;SLC6A4;NOS3;DAPK1;TRAF3;SMAD4;HIF1A;NEFM;NFS1;TRAF2;STK11;CREM;CYBB;NOX5;CTBP2;SLC12A3;ARNTL;PRKACA;PRKACB;MYC
RCHY1,TP53;COPE;CDKN1B;POLH;SRPRB;GORAB;HDAC1;SRP9;TP73;TP63;CHEK2;POLQ
RBBP6,YBX1;ZBTB38
DTL,CDKN1A;CDT1;TP53;SETD8;CHEK1;TDG;PCNA;KAT2A;FBXO18;KMT5A;FBH1;POLD4;CRY1;CDC6;POLH;PDCD4;ERCC5;SDE2
NEDD4,AP1G2;IGF1R;PTEN;POLR2A;NTRK1;NDFIP2;TNK2;EGFR;ERBB4;GJA1;MLANA;TSG101;SYK;NEDD4;AR;ADRB2;N4BP1;SLC1A1;APPL1;MTMR4;SLC9A1;LYN;NDFIP1;APOBEC3G;EPS15;RAPGEF2;GGA3;BCL10;NOTCH1;HGS;TTYH2;SCN5A;SLC6A3;SCNN1G;RNF11;LAPTM5;SCNN1B;SNCA;PSMD4;BECN1;AKT1;PPARG;MDM2;ERBB3;RNF7;MYCN;LATS1;PAX7;SAV1;WBP2;IRS2;IFITM3;THOC1;KDR;BRAT1;SRC;ANXA13;DTX1;SPRY2;PDCD6IP;FGFR1;DCUN1D1;AMOT;KIF26B;MYC;AKT2;AKT3;GRIN2D;F2R;PIP5K1A;SPDYA;ERRFI1;ABCB1;LGR5;DVL2;LGR4;CDKN1A;GRIA1;SAG;GUCD1;SQSTM1;HRAS;KRAS;NRAS;H3C8
XIAP,MAP3K2;CASP9;DIABLO;PTEN;COMMD1;MAP3K7;CASP3;RAF1;XIAP;AIF1;RIPK4;AIFM1;4-Sep;XAF1;PGAM5;RIPK2;MAP3K3;TLE3;CASP7;CASP8;CCS;BIRC5;TLE1;TLE2;TLE4;AES;SEPTIN4;TLE5
RNF41,PRKN;BIRC6;ERBB3;RNF41;ERBB4;MYD88;TBK1;IRF3;EPO;EPX;ZNF746;CEBPB
ITCH,NFE2;TP73;SNX9;MAP2K4;SMAD2;TXNIP;CBL;CPSF6;BCL10;BID;ERBB4;NEDD9;ITCH;NOTCH1;TP63;KLF10;CXCR4;MLANA;CFLAR;JUNB;JUN;EGFR;TRPV4;INPPL1;TGIF1;RIPK2;SH3GLB1;NOTCH3;GLI1;LAPTM5;DVL2;POU5F1;LATS1;RIPK1;PLCG1;FYN;HGS;MAVS;MAP3K7;DTX1;BRAT1;DDX5;OCLN;SH3GL2;TRPC4;PLIN1;PLIN2;BIRC2;GLIS3;PI4K2A;SMAD7;PTCH1;FOXO1;H1-2;BRAF;TAB1;RASSF5;SUFU;CD247;ERBB3;LRP6;ITSN1;YAP1;AMOT
RNF128,CD40LG;ARHGDIB;CD83;ARHGDIA;COR1A;ARPC5;CORO1A
TRIP12,NAE1;SOX6;CDKN2A;SMARCE1;ARFGAP1
RNF111,SKIL;SMAD7;SKI;SUMO2;PML;SMAD3;SMAD2
TRIM21,IRF8;USP4;IKBKB;CDKN1B;TRIM5;TRIM21;IRF3;CDT1;IRF7;RELA
SIAH2,PIAS1;SNCA;AKAP1;EGLN1;PML;POU2AF1;TRAF2;DCC;EGLN3;PPP1R12A;NCOR1;SYP;PLCE1;TP53;SPRY2;KIF15;SH3KBP1;PSMD4;TINF2;TP53BP2;CHEK2;BAG1;DYRK2;TANK;SNCAIP;HDAC3;CDKN1B;HIF1A;PPARG;AR;LATS2;EGLN2;ZEB1
TRIM25,ESR1;DDX58;TRIM25;SFN;AMFR;ZFHX3;KLF5;MAVS
TRAF6,IKBKG;MAP3K7;NTRK1;MALT1;AKT1;IRF7;NR2C2;RIPK2;TRAF6;PARK7;SNCA;NGFR;RUSC1;FHL2;BECN1;MAP3K11;HSPA4;PINK1;MTOR;LGMN;IRAK1;TGFBR1;AKT2;ITGB3BP;IRF5;TICAM1;LAT;PSEN1;ECSIT;MAP1LC3B;CTNNB1
SYVN1,GPR37;TP53;ERN1;HMGCR;MAPT;TTN;NCSTN;CLU;HTT;SGK1;SYVN1;AMFR;APP;SLC6A4;CLUAP1;PACRG;SERPINA1;CD3D
VPS18,GGA3;PLK2
RNF220,SIN3B;RNF220
SMURF1,SMAD1;RHOA;SMAD5;SMAD7;TRAF4;USP5;MAP3K2;SPG20;C9orf78;FAM188A;FGR;PRKCA;CTTN;ZFAND5;ANKRD13D;ANKS4B;EPHA1;FES;GDF15;HIP1;PRKCG;MAP3K9;NEK2;RNF114;TNIP2;TOM1;RUNX2;ANKRD13A;ANXA6;CUEDC1;LCK;SCYL1;ODF2;PDGFRA;TNIK;TPM4;UBE2V1;CSNK2A2;ELOF1;IMPACT;MSN;OTUD6B;PICALM;CALCOCO1;TRIP10;EPN1;CSNK1D;PRKCI;MAP3K10;PADI4;PSMD4;ANKRD50;RABEP2;RAC1;RAD23A;RIOK3;TBK1;TGFBR1;UBQLN2;ADRBK2;ASCC2;C7orf50;FGF12;FKBP3;KRT36;SLAIN2;ADRM1;ATXN3;BTK;C6orf106;FAF2;HOMER2;MATK;TAOK3;TOM1L2;UBAC1;UBE2K;UBQLN1;UBXN6;PRR16;CCDC69;ITK;MAP4K5;MARK2;SDCCAG3;SMAD6;TAB1;UBE2G1;RBCK1;TLN1;ING2;AXIN1;TRIB2;MAVS;SPART;MINDY3;GRK3;ILRUN;ENTR1;TBX6;TGFBR2;BMPR2;BMPR1A;BMPR1B;UBE2D1;UBE2D3;KLF2;UVRAG
WWP1,KLF5;ERBB4;TP63;SMAD6;TGFBR1;RUNX2;RNF11;TP53;WWP1;SPG20;KLF2;SMAD7;SMAD2;SPART;TGFBR2;CXCR4;LATS1;TRAF6;EPS15;SMAD4;PTEN;CDKN1B
NHLRC1,EPM2A;PPP1R3C;AGL;DVL2
TNFAIP3,RIPK1;TNFAIP3
TOPORS,TP53;NKX3-1;H2AFX;H2AX
SIAH1,SNCAIP;CTNNB1;SNCA;HIPK2;MAPRE3;EGLN1;PML;AFF1;HIF1A;HIF1AN;NUMB;PKD1;SYP;MYB;KIF22;TRIB3;PLCE1;KHDRBS3;RBBP8;KLF10;DCC;POU2AF1;GRM5;STAR;CACYBP;TERF2;ELL2;FLT3;BAG1;EGLN2;EGLN3;XIAP;JADE1;TNK2;ZEB1
UHRF2,PCNP;CCND1;CCNE1
FBXW11,IFNAR1;WEE1;NFKBIA;CTNNB1;FBXW11;NFKB1;PLK4;PRLR;CDC25B;BHLHE40;CDC25A;TBC1D4;CEP68;RCAN1;PER1;PER2;PDCD4;REST;CLSPN;SIPA1L2;DEPTOR;DLG1;YAP;FANCM;FBXO5;YAP1;IKBKB;CHUK;BTRC;DDIT4
RBCK1,IREB2;TAB2;IRF3;RBCK1;TAB3;TRIM25;PRKCA;IKBKG;RIPK1;BACH1;NR1I2
RAD18,PCNA;RFC2;TP53BP1;RAD18;FANCD2
CHFR,PLK1;HDAC1;KIF22;AURKA;CHFR;HLTF;SMARCA4;SMARCB1;SMARCD1;PARP1;PBK
UBE3A,RAD23A;RAD23B;ANXA1;PML;TP53;SCRIB;TSC2;BAK1;DLG4;GOPC;DLG1;NCOA3;SIPA1L1;RB1;MCM7;PTPN3;SNCA;ARPC3;CDKN1B;PSMD4;PRDX1;UCHL5;BLK;HHR23;ARNTL;LLGL1;UBE3A;NELFCD;PRRX1;ESR1;DDI1;PTPA;CEBPA
RNF19A,SOD1;SNCAIP;CASR
FBXO45,TP73;PAWR;ZEB1;ZEB2;SNAI1;SNAI2;TWIST1
WSB1,HIPK2;DIO2
MYLIP,LDLR;LRP8;MYLIP;VLDLR
TRAF2,RIPK1;TRAF3;KRR1;MAPK11;BIRC3;TICAM1;IKBKE;DUSP14;ZBTB17;TRAF2;MAP3K14
FBXO4,CCND1;TERF1;FXR1;MCL1;ICAM1
FBXO31,CCND1;CDT1;MDM2;PARD6A;CCND2;MAP2K6
SH3RF1,PDCD6IP;KCNJ1;HGS;KCNJ2;HERPUD1;HEY2
MGRN1,TSG101
CDC20,CCNB1;PTTG1;BUB1B;NEK2;CDKN1B;RUNX1;CDKN1A;MLL;RASSF1;CCNA2;CENPF;AXIN2;MCL1;PHF8;REV1;SP100;NEUROD2;KMT2A;HLA-DRB4;TRRAP
HUWE1,TP53;MYCN;HUWE1;MCL1;MYC;PIAS2;PCNA;HDAC2;MUTYH;MYOD1;ZBTB17;POLB;CDC6;PA2G4;HIST1H1B;HIST1H1A;HIST2H2AC;HIST2H2AB;HIST1H2BA;HIST1H2BB;HIST2H3C;HIST1H4F;H1-5;H1-1;H2AC20;H2AC21;H2BC1;H2BC3;H3C15;H4C9;NR1D1;ATOH1;WIPI2;BRCA1;SS18/SSX2;POLL
BTRC,NFKBIA;NFKB2;CDC25A;CTNNB1;RCAN1;WEE1;NFKB1;LPCAT1;C13orf34;DDIT4;FBXO5;DLG1;MDM2;PER1;SMAD3;SMAD4;ATF4;PRLR;NFKBIE;FANCM;CD4;SNAI1;NFKBIB;PER2;CREBZF;PLK4;REST;PKD2;MYC;CDC25B;PSMD4;KDR;EEF2K;FOXO3;CCNE1;USP37;UHRF1;GHR;TAZ;TFAP4;GSK3B;TIAM1;CDK1;BHLHE40;PDCD4;FZR1;TRIB2;BCL10;TRAF3IP2;IRAK1;GLI2;GLI3;YAP1;WWTR1;HSF1;NRF1;NFE2L2;ELF3;TP53;STAT1;SP1;TWIST1;BTG2;BTG1;BORA;MIS18A;CCND1;PTTG1;CLSPN;RASSF1;CASP3;BCL2L11;MCL1;HNRNPD;CPEB1;ELAVL1;TERF1;BMI1;PFKFB3;EPOR;IFNGR1;IL10RA;PTP4A3;DEPTOR;PHLPP1;HRAS;FN1;SPAAR;CTTN;FGD1;FGD3;CDH1;USP47;BST2;CEP68;NFE2L1;DAND5;CHUK;IFNAR1;METAP2;DLG5;COMMD1;FBXW11;LPIN2
TRAF3IP2,TRAF6
FBXO32,EIF3F;MYOD1;FOXO1;MYOG;DUSP1;TNNI3;KCNMB1;MYOT;CABIN1;MYBPC3;MYC;KLF4
KLHL21,AURKB;EB1/MLL
RNF5,JKAMP;PXN;TMEM173;CFTR;MAVS;UBE2L3;STING1;SLC26A4
TRIM63,PSMD4;TNNI3;MYL1;CKM;MYLPF;MYL2;MYBPC2;TNNC1;TNNI1;ACTA1;ATP5B;THRA;GMEB1;HIBADH;ATP5F1B;MYBPC3;NFKBIA
WWP2,POU5F1;EGR2;SLC11A2;POLR2A;WWP2;SMAD7;SMAD3;PAIP1;NOTCH3;DMT1;4-Oct;PTEN;RPB1;ABI3;TP73;TICAM1
TTC3,AKT1;AKT2;AKT3
ASB9,CKB;CKMT1B;CKMT1A
ZFP91,MAP3K14
NEDD4L,NDFIP2;SMAD3;SCN2A;SGK1;SCNN1A;NEDD4L;SLC6A3;SCN3A;SCN5A;SLC38A2;SMAD2;CLCN5;SCN8A;SCN9A;SCN10A;SLC11A2;TGFBR1;TNK2;SCNN1G;NTRK1;TTYH2;TSG101;PSPC1;APBB1;SLC1A3;KCNA3;RHOB;BRAT1;KCNH2;EAAT1;TGFBR2;SCNN1B;NTRK2;TP63;OCLN;HGS;TRPV6;AMOT;RCAN1;ORAI1;DVL2;CRTC3;LGR5;LGR4;EIF2AK4
TRIM41,PRKCB;PRKCE
TRIM28,TP53;IRF7;PRKAA1;FBP1
RNF2,HIST2H2AA3;RYBP;HIST1H2AG;HIST2H2AC;H2AFX;RRM1;AMBRA1;H2AC20;H2AX;H2AC19;H2AC17;H2AZ1;GMNN;RNF2
RNF8,PCNA;H2AFX;HIST1H2AA;RNF8;HIST1H2AG;CHEK2;NBN;BLM;KDM4A;XRCC5;POLD4;HIST2H2AC;HIST2H2AB;HIST1H2BA;H2AX;H2AC1;H2AC17;H2AC20;H2AC21;H2BC1;OTUB1;TPP1;PML
FBXO33,YBX1;EIF3F
FBXL5,IREB2;DCTN1;SNAI1;ABL1;NABP2
RNF31,PRKCB;NR0B1;PRKCA;TRIM25;IKBKG;TRAF1;RIPK1;NEMO;DDX58;CASP1
RNF4,PML;RNF4;ETV4;PARP1;SP1;SUMO2;ATXN1;EPAS1;CENPI;DAND5;ZNF746
RFWD2,TP53;ACACB;JUN;CRTC2;MTA1;RFWD2;ACACA;CCT4;CDKN1B;SFN
MID1,PPP2CA;PRM2;PPP2CB;UBE2D1;IGBP1;PPP2R4;STK36
RLIM,TERF1;LIMK1;HDAC2;LDB2;LDB1;STMN1;MDM2;ZFP42;LMO2;LHX3;LHX2;RLIM;LMO4
UBE4B,FEZ1;PTTG1;ATXN3;UNC45B;TP53
HERC2,XPA;BRCA1;USP20;NEURL4
FANCL,FANCD2;FANCI;CTNNB1
RNF135,DDX58
RNF167,SLC22A18
RNF6,AR;LIMK1;LIMS1
LRSAM1,TSG101
RNF20,PA2G4;HIST1H2BA;HIST2H2BE;H2BC21;H2BC1;H2BC8
RNF40,PA2G4;HIST1H2BA;STX1A;HIST2H2BE;H2BC21;H2BC1
TRIM32,PIAS4;DTNBP1;PIAS3;TRIM32;ABI2;MYC;XIAP;TMEM173;MYCN;BBS2;STING1;DBNDD1;DES;SQSTM1
ANAPC11,PTTG1;CCNB1;ANLN;GMNN
RNF138,LEF1;TCF7L2;RNF138;XRCC5;RBBP8
HLTF,PCNA
ZC3HC1,CCNB1
KLHL8,RAPSN
ERCC8,ERCC6
TRPC4AP,MYC
NEURL2,CTNNB1
CBLL1,CDH1;CTTN;DOK1;ART4;ANXA2
HECTD3,STX8;TRIOBP;MALT1;CASP9;RAF1;CASP8
HECW1,DVL1
MARCHF1,HLA-DRB1;CD4;TFRC;CD86;HLA-DRA;HLA-DRB5;FAS;FASN;HLA-DRB4;CIITA;HLA-DRB3
MARCHF2,TFRC;CD86;DLG1;CFTR
MARCHF8,HLA-DRB1;HLA-DRA;CD86;HLA-DRB5;ATXN3;SOD1;CD74;CYP3A4;IL1RAP;TFRC;FAS;FASN;HLA-DRB4;CIITA;HLA-DRB3;SLC3A2
MIB1,DLL1;DAPK1;MIB1;DLL3;DLL4;TBK1;BLM;JAG1;CEP131;CEP290;PCM1;EDAR;SMN2
MIB2,DLL4;DLL3;DLL1;CYLD;XDH;IKBKG;TBK1
MKRN1,CDKN1A;TP53;FILIP1;POLG;TERT;CDKN2A;PABPC1;RPS10
MYCBP2,TSC2
MALT1,IKBKG
MARCHF4,CD4;HLA-DRB1
MARCHF5,FIS1;MFN1;DNM1L;MARCHF5;UTRN;TANK;SOD1;MAP1B;MFN2;CIITA;ATXN3;TNFRSF10A
MARCHF6,DIO2;SQLE
MARCHF9,PVR;VAMP8;PLXNC1;TMEM2;FCRL2;LILRB1;PTPRJ;CD4;ICAM1;PTPRF;SLAMF1;HLA-DQA1;HLA-DQB1;PTPRA;FCGR2B;CEMIP2;FCRLB;IGHD
MSL2,TP53;HIST2H2BE;H2BC21;H2BC8
NEURL1B,DLL4;DLL3;DLL1;EDAR
PAXIP1,PCNA
PELI1,IRAK1;RALBP1;RIPK1;BCL6;TRAF3
GAN,MAP1B;MAP1S;TBCB;ATG16L1;GFAP
KLHL17,GRIK2
BRAP,CDC14A;BRAP;USP15
BARD1,BRCA1;POLR2A;ESR1;H2AFX;POLR2H;H2AX
DET1,ACACA;TP53;FOXO1;JUN;ACACB;MTA1;CRTC2
PDLIM2,STAT1;RELA
RNF144B,LCMT2;CDKN1A;BAX;NPM1
RAG1,KPNA1;RAG1;HIST3H3;H3-4
RNF125,DDX58;IFIH1;MAVS;JAK1;TP53
RNF19B,UCKL1
CDCA3,WEE1;CDKN1A
CNOT4,KDM5C;CNOT4;RBM15;YAP1
E4F1,TP53
SOCS2,SOCS3;SOCS1;GHR
SOCS3,IRS1;IRS2;SIGLEC7;JAK2;IL6ST
HACE1,CCND1;RAC1;OPTN;RARA;RARB;GOLM1
SMURF2,RNF11;SMAD4;SMAD1;TGFBR1;SMURF1;RAP1B;SMAD2;SMAD7;RUNX2;TNFRSF1B;CTNNB1;SKIL;STAMBP;GSK3B;STAMBPL1;ID1;ID3;SMAD5;AXIN1;RHOA;TRAF4;BTRC;SNON;SMAD3;EGFR;KLF5;TGFBR2;RNF20;MAD2L1;SATB1;TOP2A
TOM1,NAB2;CDC6
TRIM31,TRIM31
RC3H1,ICOS
RFFL,RFFL;TP53;RIPK1;PRR5L;CASP8;CASP10;SFN
RFWD3,TP53
FBXL12,CDKN1C;ALDH3A1;XRCC5;CAMK1;CAMKK2
FBXO6,CHEK1;ATRN;TFRC;ERO1A
MARCHF7,MARCHF7;MAPT
MUL1,DNM1L;MUL1;AKT1;TP53;ULK1;TP73
PRC1,HIST1H2AB;HIST1H2AH;HIST1H2AA;H2AFX;H2AFZ;HIST2H2AA3;RNF2;H2AC8;H2AC12;H2AC1;H2AX;H2AZ1;H2AC19
RNF182,ATP6V0C
ASB3,TNFRSF1B
IRAK4,PELI1
TRIM17,IRF3;TRIM17;MCL1
TRIM23,TRAF6;IKBKG
TRIM2,NEFL;BCL2L11
RNF216,RNF216;RIPK1;TLR4;TLR9;TRAF3;TLR8
RNF34,TP53;CASP8;CASP10;NOD1;RIPK1;PPARGC1A
SOCS5,EGFR
HERC5,NME2
LHX1,LIMK1
PEX12,PEX5
PDZRN3,MUSK
FBXO7,BIRC2;DLGAP5;CD43;SPN;CRBN
FBXW5,TSC2;SASS6;EPS8;DLC1;DLEC1
IRAK1,PELI1
NOSIP,EPOR;PPP2CA
TRIM37,TRIM37
UBR1,RHO
SHPRH,PCNA
RNF180,ZIC2
RNF43,AKAP8L;RNF43;FZD5
ARIH2,GFI1;NFKBIB;APOBEC3G
VPRBP,NF2;UNG;KATNA1;MCM10;SAMHD1;PPP2R1A;TERT
TRAF3,MAP3K14;MAP3K7;IKBKE;TBK1
TRIM11,MED15;PAX6;HTT;ARX;SLC6A4
TRIM56,TMEM173;STING1
FBXO2,GRIN1;STUB1;AHSG;BACE1;ITGB1;GJB2;NR1;SIRPA;NDOR1
PIAS4,ETS1;YY1
RNF115,RNF115;EGFR;FLT3;MET;CXCR4
CCNB1IP1,CCNB1IP1;CCNB1
CISH,BCL2L11
RNF123,CDKN1B;NFKB1;CBX1;CBX5
FBXO3,HIPK2;SMURF1;FBXL12;EP300
FBXW2,GCM1;CCNE2;CCNE1;MSX2
TBL1X,CTNNB1
KLHL9,CCNB1;AURKB;CEBPB;BORA
KLHL10,CCNB1
KLHL11,CCNB1
KLHL12,CCNB1;DRD4;SEC31A;SEC31B;DVL3;PEF1;LNPK;KHSRP
KLHL13,CCNB1;AURKB;BORA
TRIM5,TRIM5
ZSWIM2,ZSWIM2
PIAS2,STAT1
ASB2,FLNB;FLNA
FBXO18,FBXO18;RAD51;ARF1
TRAF1,MAP3K14
TRIM22,TRIM22
UBE3C,CAND2;UBE3C
ARIH1,SIM2;EIF4E2
BMI1,GMNN;HIST2H2AC;HIST2H2AA3;H2AFX;RRM1;H2AC20;H2AX;H2AC19;H2AC8;H2AZ1;H2AC17;H2AC7;H2AW;H2AC21;H2AC6;H2AC12;H2AC1;RNF2;H2AC14
MARCHF11,CD4
OSTM1,GNAI3
PCGF1,HIST1H2AG;H2AC17
PEX10,PEX5
PJA2,PJA2;PRKAR1A;PRKAR2A;PRKAR1B;PRKAR2B
RFPL4A,CCNB1
RNF139,INSIG1
RNF168,H2AFX;HIST1H2AG;HIST2H2AC;KDM4A;HA2FX;H2AC20;H2AX;H2AC17
RNF181,ITGA2B
RNF185,NUDT16L1;DVL2;BNIP1;CFTR
RNF11,SMURF2
RNF13,RNF13;SNAPIN
RNF14,RNF14
TRIM13,VCP;MDM2;AKT1;CD3D;AKT2;TRIM13
TRIM8,SOCS1;MAP3K7
UBR2,HIST1H2AG;HIST2H2AC;H2AC20;H2AC17
CDC34,BTRC;CDKN1B;NFKBIA;MYBL2;KIP1;CREM;CTNNB1
DTX3L,HIST1H4A;HIST1H2BJ;H4C9;H2BC11
BIRC6,DIABLO
FBXW8,CCND1;GORASP1;IGFBP2;IRS1;TBC1D3;MAP4K1
UHRF1,DNMT1;HIST1H3A;TP53;PML;H3C8
PRPF19,PRPF3;RPA2;RPA1
UCHL1,SMN1;SMN2
FBXO8,ARF6;GSTP1
FBXO42,TP53
FZR1,TK1;E2F3;SKP2;CCNB1;MOAP1;CCNA2;PTTG1;BUB1B;CDC20;CLSPN;SOX2;ZC3HC1;CDC6;DCPS;USP1;DNM1L;CDC25A;HECW2;NEK2;PAX3;GMNN;PLK1;KIAA0101;RBBP8;PCLAF;AURKA;BUB1;SKIL;MYF5;DTYMK;DNMT1;ID1;CDH13;RUNX1;ID2;FOXM1;NEDD9;SGO1;SASS6;CKAP2;AURKB;NUSAP1;ANLN;TPX2;PFKFB3;MAPK8;MAPK9;MAPK10;KLF4;NDC80;E2F1;MFN1;OPA1;TFAM;TRRAP;PECAM1;STIL
SOCS6,KIT
RNF146,XRCC1;XRCC6;AXIN1;AXIN2;BLZF1;CASC3;TNKS;TNKS2;PARP1
FBXL2,CCND2;AURKB;PIK3R2;APP;NLRP3;CCND3;PCYT1A
PELI3,TRAF6;RIPK2;IRAK1
FBXL22,ACTN2;FLNC
RNF126,CDKN1A;EGFR;AICDA;FLT3;MET;CXCR4
TRIM39,TP53;MOAP1
DYRK2,TERT
SIVA1,CDKN2A
KLHL3,WNK4;WNK1
FBXL15,SMURF1;SMURF2;WWP2
ING4,RELA
FBXL3,CRY2;CRY1;CYR1
TRIM49,BLM
KLHL2,WNK4;NPTXR;WNK1;WNK3
RNF38,TP53
AMBRA1,BECN1
HERC1,SOX9;TSC2
C10orf90,TP53
RHOBTB3,CCNE1
DZIP3,ATXN1;HIST1H2AB;H2AC8
MEX3B,SNUPN
TRIM71,LIN28B
ASB11,RPN1
TRAF4,SMURF2
FBXO15,CRLS1;ABCB1
ASB4,ID2
TRIM65,TNRC6A;ARHGAP35
TRIM58,DYNC1I1;DYNC1LI2
BIRC7,DIABLO
FAF2,NF1
KCTD13,RHOA
TNFAIP1,RHOA
SPSB2,NOS2;NANOS2
RICTOR,SGK1
RNF144A,PRKDC
KCTD11,HDAC1
DDB1,COPS5;TP73;CCNK;NR5A2
FBXO44,BRCA1;UNC13A
ANAPC2,PTTG1
KLHL22,PLK1;DEPDC5
FBXO21,EID1;ABCB1
LNX2,NUMB
PPARA,BCL2
FBXW12,IL22RA1
RNF26,TMEM173;SQSTM1;IRF3;STING1
TRIM26,IRF3
TRIM62,CARD9;TRIM62
CCNF,CDC6;CP110;RRM2;CCP110
FBXL18,FBXL7
KDM2B,FOS;HIST2H2AC;H2AC20
FBXL7,BIRC5;AURKA
RNF152,RRAGA;RHEB
HECTD2,PIAS1
F12,HIF1A
NAT10,MDM2
KCTD17,TCHP
FBXL17,SUFU;BACH1;BRIP1
KLHL20,PML;DAPK1;CORO7;ARHGEF11;ULK1;PIK3C3;BECN1
SOCS7,DAB1
FBXW10,CBX5
FBXO9,TELO2;TTI1
FBXO10,BCL2
FBXO22,KDM4A;BSG;KLF4;TP53
FBXO25,HAND1;ISL1;NKX2-5;ELK1
FBXO40,IRS1
FBXL4,KDM4A
FBXL14,DUSP6;SNAI2;SNAI1;TWIST1
FBXL19,RAC1;RHOA;IL1RL1
FBXL21,CRY1;CRY2
ZNRF1,CAV1;GLUL;AKT1
DCAF1,KATNA1;UNG;MCM10;SAMHD1;PPP2R1A;NF2;TERT;LATS1;LATS2
TANK,TICAM1;IKBKE;DUSP14;RIPK1;TRAF3;KRR1;MAPK11;BIRC3;MLST8
MPG,UBE2D1;IGBP1;PTPA;STK36;PPP2CA;PRM2;PPP2CB;HMG20B
SOCS4,DAB1
COP1,CCT4;CDKN1B;ACACB;CRTC2;COP1;ACACA;SFN;MMP1;JUN;CTNNB1;STAT3;MTA1;TP53;ETV1;ETV4;ETV5
FBH1,RAD51;ARF1;FBH1
FBXL21P,CRY1;CRY2
SAG,CDC34;PMAIP1;CDKN1B;DEPTOR;HIF1A;NFKBIA;JUN;NF1
RBX1,RPS6KB1;ESR1;NFE2L2
RACK1,HIF1A;CLEC1B
RING1,H2AC17
EP300,TP53;E2F1
DTX1,MAP3K1
RNF25,NKD2
TRIM36,IRF3
FBXO34,MYOD1
HECW2,TP73
TRIM9,TRIM9
ARID1B,ARID1B
TRIM3,GKAP1
BFAR,TMBIM6
TRIM38,TRIM38;TRAF6
AHR,ESR1;PPARG
RNF170,ITPR1
TRIM27,PIK3C2B
DTX4,TBK1
RNF149,BRAF
TRAF7,TP53
RNF130,VAMP3
HECTD1,PIP5K1C
UBR4,TRPV5
CCAR1,TP53
CRBN,CRBN;TP63;SALL4;MAPT;IKZF3;IKZF1
CUL1,TP53
CGRRF1,EGFR
FBXO27,LAMP2
KCTD10,TICAM1;CEP97;RHOB
CUL5,TP53;APOBEC3G
KLHL6,RC3H2;CDK2
CUL7,TP53
RHOBTB1,PDE5A
KLHL15,RBBP8;PPP2R5B
TRIM59,MACROH2A1
DCAF15,RBM39
RNF183,TNFRSF10B;ATP1B1
DCAF12,MAGEA3;MAGEA6
DCAF11,GEN1
KLHL7,TUT1
KLHL42,PPP2R5E
KLHL25,EIF4EBP1
KLHL18,AURKA
DCAF4,OPTN;ST7
FBXO28,FBXO28
NEURL1,PDE9A
